<annotation>
	<folder>new_billet_flip</folder>
	<filename>img_2255.png</filename>
	<path>C:\Users\comeg\Documents\Cours\supérieur\Master\DS4B\billet_come\new_billet_flip\img_2255.png</path>
	<source>
		<database>Unknown</database>
	</source>
	<size>
		<width>1624</width>
		<height>1234</height>
		<depth>3</depth>
	</size>
	<segmented>0</segmented>
	<object>
		<name>1</name>
		<pose>Unspecified</pose>
		<truncated>0</truncated>
		<difficult>0</difficult>
		<bndbox>
			<xmin>648</xmin>
			<ymin>435</ymin>
			<xmax>706</xmax>
			<ymax>467</ymax>
		</bndbox>
	</object>
	<object>
		<name>2</name>
		<pose>Unspecified</pose>
		<truncated>0</truncated>
		<difficult>0</difficult>
		<bndbox>
			<xmin>659</xmin>
			<ymin>469</ymin>
			<xmax>720</xmax>
			<ymax>499</ymax>
		</bndbox>
	</object>
	<object>
		<name>3</name>
		<pose>Unspecified</pose>
		<truncated>0</truncated>
		<difficult>0</difficult>
		<bndbox>
			<xmin>666</xmin>
			<ymin>502</ymin>
			<xmax>718</xmax>
			<ymax>531</ymax>
		</bndbox>
	</object>
	<object>
		<name>4</name>
		<pose>Unspecified</pose>
		<truncated>0</truncated>
		<difficult>0</difficult>
		<bndbox>
			<xmin>673</xmin>
			<ymin>530</ymin>
			<xmax>722</xmax>
			<ymax>561</ymax>
		</bndbox>
	</object>
	<object>
		<name>5</name>
		<pose>Unspecified</pose>
		<truncated>0</truncated>
		<difficult>0</difficult>
		<bndbox>
			<xmin>675</xmin>
			<ymin>561</ymin>
			<xmax>733</xmax>
			<ymax>596</ymax>
		</bndbox>
	</object>
	<object>
		<name>6</name>
		<pose>Unspecified</pose>
		<truncated>0</truncated>
		<difficult>0</difficult>
		<bndbox>
			<xmin>693</xmin>
			<ymin>601</ymin>
			<xmax>739</xmax>
			<ymax>633</ymax>
		</bndbox>
	</object>
	<object>
		<name>7</name>
		<pose>Unspecified</pose>
		<truncated>0</truncated>
		<difficult>0</difficult>
		<bndbox>
			<xmin>698</xmin>
			<ymin>657</ymin>
			<xmax>754</xmax>
			<ymax>689</ymax>
		</bndbox>
	</object>
	<object>
		<name>8</name>
		<pose>Unspecified</pose>
		<truncated>0</truncated>
		<difficult>0</difficult>
		<bndbox>
			<xmin>705</xmin>
			<ymin>690</ymin>
			<xmax>759</xmax>
			<ymax>721</ymax>
		</bndbox>
	</object>
	<object>
		<name>9</name>
		<pose>Unspecified</pose>
		<truncated>0</truncated>
		<difficult>0</difficult>
		<bndbox>
			<xmin>715</xmin>
			<ymin>719</ymin>
			<xmax>768</xmax>
			<ymax>757</ymax>
		</bndbox>
	</object>
	<object>
		<name>10</name>
		<pose>Unspecified</pose>
		<truncated>0</truncated>
		<difficult>0</difficult>
		<bndbox>
			<xmin>718</xmin>
			<ymin>756</ymin>
			<xmax>777</xmax>
			<ymax>785</ymax>
		</bndbox>
	</object>
	<object>
		<name>11</name>
		<pose>Unspecified</pose>
		<truncated>0</truncated>
		<difficult>0</difficult>
		<bndbox>
			<xmin>733</xmin>
			<ymin>789</ymin>
			<xmax>781</xmax>
			<ymax>819</ymax>
		</bndbox>
	</object>
</annotation>
